{
  "1": {
    "physics_stability": 80.35236696871519,
    "rtf": 5.325209657513207,
    "scan_rate": 22.62059363873369,
    "cpu_utilization": 69.2368820219018,
    "ram_usage": 2.1065002401361266
  },
  "3": {
    "physics_stability": 73.19515823399149,
    "rtf": 4.516201160568648,
    "scan_rate": 23.13958943909105,
    "cpu_utilization": 78.76183727964518,
    "ram_usage": 3.1014340458403327
  },
  "5": {
    "physics_stability": 67.08196616062045,
    "rtf": 3.9836814965286407,
    "scan_rate": 23.574935785701708,
    "cpu_utilization": 85.29413628710847,
    "ram_usage": 4.258378845264595
  }
}